parsec_2.1.canneal.simlarge.prebuilt.drop_1250M.length_250M.champsimtrace.xz, https://mega.nz/file/pp8XFApR#Af_IbiZWUK22Twu-RorjeG7JrqJ_-1XduJ_Ugif724c
parsec_2.1.canneal.simlarge.prebuilt.drop_3000M.length_250M.champsimtrace.xz, https://mega.nz/file/QssxXY6J#_bZCZyupq9KNJ5dc0io5oeAbBRpud7UXhXFFarvcYdc
parsec_2.1.canneal.simlarge.prebuilt.drop_4500M.length_250M.champsimtrace.xz, https://mega.nz/file/dw0zWQpL#UlHBj8IpEsGpJQ_Db2diQRkEXSFV1rhMvkoXD2DId8U
parsec_2.1.canneal.simlarge.prebuilt.drop_4750M.length_250M.champsimtrace.xz, https://mega.nz/file/t41hSYrK#ElkrrAgA5gc1yjpEuOg4uwd9RCPpVh1pQ_YA_JMxwxE
parsec_2.1.canneal.simlarge.prebuilt.drop_500M.length_250M.champsimtrace.xz, https://mega.nz/file/d01VBShQ#JFQ5VnDlprTqyaQvm3BRpaQ9KoNQLhMKnp3FJg2QPmA
parsec_2.1.facesim.simlarge.prebuilt.drop_1500M.length_250M.champsimtrace.xz, https://mega.nz/file/gotFxaKa#Yx7TMZ-w4zPy9u6XdxihBmTQAS_J8vqXDJbT2AU_7JM
parsec_2.1.facesim.simlarge.prebuilt.drop_21500M.length_250M.champsimtrace.xz, https://mega.nz/file/BssnBQ5L#y5rl7Il25OaV3lVO3OSX_ewlf-PMo9CoU_n-viqQLZ4
parsec_2.1.fluidanimate.simlarge.prebuilt.drop_9500M.length_250M.champsimtrace.xz, https://mega.nz/file/cw832QrB#8XpbOgbgjHgxWgBbolydolJJOLueVAnqZ64MnhCCOLM
parsec_2.1.raytrace.simlarge.prebuilt.drop_23500M.length_250M.champsimtrace.xz, https://mega.nz/file/Y08HBQja#tRDglp6PNJLSdLDAxNWUHa7oa5DLI6obRsXZ-sNSX_o
parsec_2.1.raytrace.simlarge.prebuilt.drop_23750M.length_250M.champsimtrace.xz, https://mega.nz/file/oo0nxKLA#Mt5i-dudnOdvaBFF7Cuw6RFUjiv2GEW1Pq0VXgTeY58
parsec_2.1.streamcluster.simlarge.prebuilt.drop_0M.length_250M.champsimtrace.xz, https://mega.nz/file/w99n3aYR#fysYL7GHzJWqVXJR1kG0J6_ZF6E9jMhMkV6KyX4VQ20
parsec_2.1.streamcluster.simlarge.prebuilt.drop_14750M.length_250M.champsimtrace.xz, https://mega.nz/file/98klBQpL#WFttxbi6Y7dry7p43woIC3OK80LykQA22YQdOja92Ak
parsec_2.1.streamcluster.simlarge.prebuilt.drop_250M.length_250M.champsimtrace.xz, https://mega.nz/file/E40HlaZL#QlFjOxaJq0udNMl1-A99smN1dSCNIkl-RTdavyOMe20
parsec_2.1.streamcluster.simlarge.prebuilt.drop_4750M.length_250M.champsimtrace.xz, https://mega.nz/file/Jkt3DIyT#OfVrcW3zPP8izUxM6bBCksaMD6Hc_cHUkTimcVCDsdo
